n_threads,time
1,15.1005
3,5.05608
5,3.06283
7,2.22926
9,1.73147
11,1.43158
13,1.22041
15,1.06662
17,0.950439
19,0.85819
21,0.7877
23,0.725296
